<?xml version="1.0" encoding="UTF-8" standalone="yes"?>
<addon id="repository.bluemoon" name="Blue Moon" version="0.0.1" provider-name="DJ TexT">
	<extension point="xbmc.addon.repository" name="Blue Moon">
		<dir>
			<info compressed="false">https://raw.githubusercontent.com/totalrevolution/python-koding/master/zips/addons.xml</info>
			<checksum>https://raw.githubusercontent.com/totalrevolution/python-koding/master/zips/addons.xml.md5</checksum>
			<datadir zip="true">https://raw.githubusercontent.com/totalrevolution/python-koding/master/zips/</datadir>
		</dir>
		<info compressed="false">https://raw.githubusercontent.com/DJTexT/repository.bluemoon/master/zips/addons.xml</info>
		<checksum>https://raw.githubusercontent.com/DJTexT/repository.bluemoon/master/zips/addons.xml.md5</checksum>
		<datadir zip="true">https://raw.githubusercontent.com/DJTexT/repository.bluemoon/master/zips/</datadir>
	</extension>
	<extension point="xbmc.addon.metadata">
		<summary lang="en">Test Repo</summary>
		<description lang="en">Test Repo</description>
		<genre>movies,sports,tvshows,usa</genre>
	</extension>
</addon>